{"cameraMode":{"drawMode":0,"name":"Shaded","section":"Shading Mode"},"sceneLighting":true,"audioPlay":false,"sceneViewState":{"showFog":true,"showMaterialUpdate":false,"showSkybox":true,"showFlares":true,"showImageEffects":true,"showParticleSystems":true},"in2DMode":false,"pivot":{"x":-21.7097225189209,"y":-14.773792266845704,"z":-7.157793045043945},"rotation":{"x":-0.08840680122375488,"y":0.9113798141479492,"z":-0.27295809984207156,"w":-0.29516124725341799},"size":30.178043365478517,"orthographic":false}