{"cameraMode":{"drawMode":0,"name":"Shaded","section":"Shading Mode"},"sceneLighting":false,"audioPlay":false,"sceneViewState":{"showFog":true,"showMaterialUpdate":false,"showSkybox":false,"showFlares":true,"showImageEffects":true,"showParticleSystems":true},"in2DMode":false,"pivot":{"x":-0.05535888671875,"y":0.007110595703125,"z":0.16280189156532288},"rotation":{"x":-0.2333613932132721,"y":0.46842825412750246,"z":-0.12979751825332642,"w":-0.8421812653541565},"size":0.07476560771465302,"orthographic":false}