{"cameraMode":{"drawMode":0,"name":"Shaded","section":"Shading Mode"},"sceneLighting":false,"audioPlay":false,"sceneViewState":{"showFog":true,"showMaterialUpdate":false,"showSkybox":false,"showFlares":true,"showImageEffects":true,"showParticleSystems":true},"in2DMode":false,"pivot":{"x":-14.380000114440918,"y":16.723878860473634,"z":15.40999984741211},"rotation":{"x":0.07253897190093994,"y":0.2903807461261749,"z":-0.022081460803747178,"w":0.9539039134979248},"size":6.867345809936523,"orthographic":true}