{"cameraMode":{"drawMode":0,"name":"Shaded","section":"Shading Mode"},"sceneLighting":false,"audioPlay":false,"sceneViewState":{"showFog":true,"showMaterialUpdate":false,"showSkybox":false,"showFlares":true,"showImageEffects":true,"showParticleSystems":true},"in2DMode":false,"pivot":{"x":-0.03172259032726288,"y":0.02994825504720211,"z":0.16192626953125},"rotation":{"x":0.46427303552627566,"y":0.070807084441185,"z":-0.037268511950969699,"w":0.8820709586143494},"size":0.06867047399282456,"orthographic":true}