{"cameraMode":{"drawMode":0,"name":"Shaded","section":"Shading Mode"},"sceneLighting":false,"audioPlay":false,"sceneViewState":{"showFog":true,"showMaterialUpdate":false,"showSkybox":false,"showFlares":true,"showImageEffects":true,"showParticleSystems":true},"in2DMode":false,"pivot":{"x":-14.380000114440918,"y":16.723878860473634,"z":15.40999984741211},"rotation":{"x":0.09231583029031754,"y":0.2453148365020752,"z":-0.023473678156733514,"w":0.9647530317306519},"size":6.867345809936523,"orthographic":true}