{"cameraMode":{"drawMode":0,"name":"Shaded","section":"Shading Mode"},"sceneLighting":true,"audioPlay":false,"sceneViewState":{"showFog":true,"showMaterialUpdate":false,"showSkybox":true,"showFlares":true,"showImageEffects":true,"showParticleSystems":true},"in2DMode":false,"pivot":{"x":-15.301593780517579,"y":4.449214935302734,"z":-46.828216552734378},"rotation":{"x":-0.42174461483955386,"y":0.0711442306637764,"z":-0.03321632742881775,"w":-0.9033085107803345},"size":29.386981964111329,"orthographic":false}