{"cameraMode":{"drawMode":0,"name":"Shaded","section":"Shading Mode"},"sceneLighting":true,"audioPlay":false,"sceneViewState":{"showFog":true,"showMaterialUpdate":false,"showSkybox":true,"showFlares":true,"showImageEffects":true,"showParticleSystems":true},"in2DMode":false,"pivot":{"x":3.8730697631835939,"y":2.8857650756835939,"z":2.0089492797851564},"rotation":{"x":0.07607507705688477,"y":-0.8993886709213257,"z":0.17372873425483704,"w":0.39389094710350039},"size":16.1375789642334,"orthographic":false}