{"cameraMode":{"drawMode":0,"name":"Shaded","section":"Shading Mode"},"sceneLighting":true,"audioPlay":false,"sceneViewState":{"showFog":true,"showMaterialUpdate":false,"showSkybox":true,"showFlares":true,"showImageEffects":true,"showParticleSystems":true},"in2DMode":false,"pivot":{"x":12.696197509765625,"y":4.727479934692383,"z":-7.014396667480469},"rotation":{"x":0.04927288368344307,"y":-0.9209919571876526,"z":0.12397817522287369,"w":0.36603227257728579},"size":41.6116828918457,"orthographic":false}