{"cameraMode":{"drawMode":0,"name":"Shaded","section":"Shading Mode"},"sceneLighting":true,"audioPlay":false,"sceneViewState":{"showFog":true,"showMaterialUpdate":false,"showSkybox":true,"showFlares":true,"showImageEffects":true,"showParticleSystems":true},"in2DMode":false,"pivot":{"x":12.763671875,"y":9.662109375,"z":16.7646484375},"rotation":{"x":0.13000978529453278,"y":-0.8694416284561157,"z":0.32014772295951846,"w":0.35312214493751528},"size":12.935378074645996,"orthographic":true}